age,HH,HU,HD,UH,UU,UD,lh,lu,lx,prevalence_point,Lh,Lu,Lx,prevalence_interval,prevalence
50,0.9960046192915709,0.0037594631787500206,2.3591752967920115e-4,0.19234221890774028,0.7973423125512915,0.010315468540968207,1,0,1,0,0.9980023096457855,0.0018797315893750103,0.9998820412351606,0.0018799533463497015,0.0018799533463497015
51,0.9957205847612822,0.004017853038621489,2.61562200096313e-4,0.18050305267740144,0.8083610752405433,0.011135872082055203,0.9960046192915709,0.0037594631787500206,0.9997640824703209,0.003760350311306192,0.9942127579088524,0.005400133531176648,0.9996128914400291,0.005402224778631343,0.005402224778631343
52,0.9954181264985619,0.0042918606992821615,2.9001280215602105e-4,0.16930814000488656,0.8186761737163152,0.012015686278798253,0.992420896526134,0.007040803883603276,0.9994617004097373,0.007044595986736502,0.9907433557269367,0.00853213725493273,0.9992754929818695,0.008538323330108462,0.008538323330108462
53,0.9950960326968662,0.004582388600150136,3.2157870298372515e-4,0.15873249922516383,0.8283084390637024,0.012959061711133788,0.9890658149277395,0.010023470626262184,0.9990892855540017,0.010032607466813242,0.9874361669909213,0.011429139924912683,0.998865306915834,0.011442123223001999,0.011442123223001999
54,0.9947530063808591,0.004890389952989216,3.5660366615173635e-4,0.14875074388114598,0.8372788211836537,0.013970434935200478,0.985806519054103,0.01283480922356318,0.9986413282776662,0.012852271241066181,0.9841748525062995,0.01420105072837935,0.9983759032346788,0.01422415212783961,0.01422415212783961
55,0.9943876593072395,0.005216870986553947,3.9546970620664207e-4,0.1393373253526573,0.8456081279758304,0.015054546671512323,0.9825431859584961,0.015567292233195522,0.9981104781916916,0.015596762656373749,0.9808705548373997,0.016928461058011914,0.9977990158954116,0.016965802519679312,0.016965802519679312
56,0.9939985054069518,0.005562893215736253,4.386013773120197e-4,0.13046674092433239,0.8533167981386567,0.016216460937010867,0.9791979237163033,0.01828962988282831,0.9974875535991317,0.01833569733961664,0.9774526923957121,0.019671825890144455,0.9971245182858566,0.019728554989262553,0.019728554989262553
57,0.9935839537326883,0.005929575722511133,4.8647054480052e-4,0.12211371036478788,0.8604247044970377,0.017461585138174595,0.9757074610751207,0.021054021897460598,0.9967614829725814,0.021122427237730397,0.9738628613343113,0.02247747687026065,0.996340338204572,0.022560038983030214,0.022560038983030214
58,0.9931423008729946,0.006318097433184674,5.39601693820688e-4,0.11425332403900192,0.8669509848249957,0.018795691136002456,0.9720182615935019,0.02390093184306071,0.9959191934365627,0.023998866575296235,0.9700507376568701,0.02538158716310991,0.99543232481998,0.025498053991465538,0.025498053991465538
59,0.9926717227915153,0.006729699373263019,5.985778352217934e-4,0.10686116547285217,0.8729138972412667,0.020224937285881223,0.9680832137202382,0.02686224248315911,0.9949454562033974,0.026998708638423737,0.9659712879142093,0.028412788127206493,0.9943840760414158,0.02857325334524274,0.02857325334524274
60,0.9921702660469676,0.007165686877635936,6.640470753964085e-4,0.09991341114806372,0.8783306974060677,0.021755891445868543,0.9638593621081804,0.029963333771253875,0.9938226958794343,0.0301495768767278,0.9615828503646839,0.0315938820010576,0.9931767323657416,0.03181093653473048,0.03181093653473048
61,0.9916358383462988,0.007627431729650747,7.367299240503477e-4,0.0933869101396007,0.8832175349248844,0.023395554935514908,0.9593063386211876,0.03322443023086133,0.9925307688520489,0.03347445870044751,0.9568458054155682,0.03494293660215041,0.9917887420177186,0.03523223759433049,0.03523223759433049
62,0.9910661983801684,0.008116374197981358,8.174274218502579e-4,0.08725924602562748,0.8875893665606488,0.02515138741372366,0.9543852722099486,0.036661442973439484,0.9910467151833882,0.036992648693311564,0.9517216528005792,0.03847394895886612,0.9901956017594453,0.03885489785099333,0.03885489785099333
63,0.99045894488642,0.008634024934910027,9.070301786699988e-4,0.0815087833103912,0.8914598840616282,0.02703133262798058,0.9490580333912099,0.04028645494429275,0.9893444883355026,0.04072035112064117,0.9461723758531233,0.042197202061581174,0.9883695779147045,0.04269374837559272,0.04269374837559272
64,0.9898115048835551,0.009181966693666475,0.001006528422778443,0.07611470040879839,0.8948414546229849,0.029043844968216718,0.9432867183150366,0.04410794917886961,0.9873946674939063,0.04467104252326927,0.9401600139222547,0.046119398906336304,0.986279412828591,0.04676098710614733,0.04676098710614733
65,0.9891211210124204,0.009761855815735269,0.0011170231718441138,0.07105701105270101,0.8977450722111021,0.03119791673619686,0.9370333095294727,0.04813084863380299,0.9851641581632757,0.04885566353077377,0.9336463906602956,0.050243632439153016,0.9838900230994486,0.051066309505686025,0.051066309505686025
66,0.9883848379203946,0.010375423431470078,0.001239738648135362,0.06631657579637835,0.9001803181884124,0.03350310601520912,0.9302594717911185,0.052356416244503046,0.9826158880356215,0.05328268846656898,0.9265929636438002,0.05456923379982666,0.9811621974436269,0.05561693463323831,0.05561693463323831
67,0.9875994876183185,0.011024476308857155,0.0013760360728243973,0.0618751051248148,0.9021553298807016,0.03596956499448351,0.9229264554964818,0.05678205135515026,0.979708506851632,0.05795810790458859,0.9189607727255003,0.05909153123509863,0.9780523039605988,0.060417557420813714,0.060417557420813714
68,0.986761673736325,0.011710897275765412,0.001527428987909602,0.05771515550475538,0.903676775927587,0.0386080685676577,0.9149950899545187,0.061401011115047,0.9763961010695658,0.06288535057420547,0.9107104726416064,0.06380154619223685,0.9745120188338433,0.06547025070925798,0.06547025070925798
69,0.9858677546005912,0.01243664513041478,0.0016956002689939727,0.053820119566146,0.9047498374496932,0.0414300429841609,0.9064258553286942,0.0662020812694267,0.972627936598121,0.06806516528918155,0.9018024409814813,0.06868565011826377,0.9704880910997451,0.0707743358709637,0.0707743358709637
70,0.9849138250489727,0.013203753943000886,0.0018824210080262414,0.05017421146092078,0.9053781942530931,0.04444759428598615,0.8971790266342684,0.07116921896710084,0.9683482456013692,0.07349547984455006,0.8921969564761518,0.07372520451621875,0.9659221609923706,0.07632623775861487,0.07632623775861487
71,0.9838956968995234,0.01401433163834183,0.002089971462134647,0.046762448317284495,0.9055640154734071,0.047673536209308344,0.8872148863180354,0.07628119006533667,0.963496076383372,0.07917125137828233,0.8818544451997807,0.07889620724866389,0.9607506524484446,0.0821193376737234,0.0821193376737234
72,0.9828088779821745,0.014870557734979063,0.0023205642828463,0.04357062859046518,0.9053079542394454,0.051121417170089424,0.876494004081526,0.08151122443199113,0.9580052285135171,0.08508432105163719,0.8707357940383372,0.08416896948106331,0.9549047635194006,0.08814383663858776,0.08814383663858776
73,0.9816485496404667,0.015774680100293554,0.0025767702592398075,0.04058530800498627,0.9046091461105332,0.05480554588448051,0.8649775839951485,0.08682671453013549,0.9518042985252839,0.09122328472845094,0.8588027318738837,0.08950784965113631,0.94831058152502,0.09438664019460248,0.09438664019460248
74,0.9804095426073366,0.016729010563828212,0.0028614468288351495,0.03779377368828187,0.9034652112139655,0.05874101509775263,0.8526278797526189,0.09218898477213715,0.944816864524756,0.09757339039297136,0.8460182794910889,0.09487107308914655,0.9408893525802354,0.10083127503672788,0.10083127503672788
75,0.979086311156766,0.017735919212095882,0.0031777696311381955,0.03518401701031821,0.9018722601807357,0.06294372280894626,0.8394086792295589,0.09755316140615596,0.9369618406357149,0.10411647217134005,0.8323472693098626,0.10021066804602476,0.9325579373558873,0.10745784688740671,0.10745784688740671
76,0.9776729054318017,0.018797827167683523,0.0035292674005146006,0.0327447055680875,0.899824904150181,0.06743039028173148,0.8252858593901663,0.10286817468589356,0.9281540340760599,0.11083092989871525,0.8177569357221739,0.10547255053074066,0.9232294862529146,0.11424304801920822,0.11424304801920822
77,0.9761629418493679,0.019917197633462332,0.003919860517169774,0.030465154686686095,0.8973162692888219,0.07221857602449198,0.8102280120541814,0.10807692637558776,0.9183049384297691,0.11769176212902764,0.802217576074925,0.11059679109569164,0.9128143671706167,0.12116022169819735,0.12116022169819735
78,0.9745495714836993,0.021096524959249033,0.00435390355705172,0.028335298749450306,0.8943380164466928,0.07732668480385693,0.7942071400956686,0.11311665581579551,0.9073237959114642,0.12467065927898725,0.785703281190638,0.11551809607950969,0.9012213772701477,0.1281794895161284,0.1281794895161284
79,0.9728254463335897,0.02233832146347654,0.004836232202933585,0.02634566261758717,0.8908803667569749,0.08277397062543781,0.7771994222856075,0.11791953634322389,0.8951189586288313,0.13173616222346177,0.7681927327406662,0.12016653333236588,0.8883592660730322,0.13526794611324172,0.13526794611324172
80,0.9709826833843915,0.023645101716535884,0.005372214899072671,0.02448733335421635,0.8869321341725499,0.08858053247323372,0.759186043195725,0.12241353032150788,0.881599573517233,0.1388538901319183,0.749670062764969,0.12446852761714816,0.874138590382117,0.14238992419124127,0.14238992419124127
81,0.9690128263844429,0.025019363965770505,0.005967809649786564,0.022751932428081455,0.882480766126724,0.09476730144519456,0.7401540823342129,0.12652352491278845,0.8666776072470013,0.14598683969081658,0.7301257681531252,0.12834814324377508,0.8584739113969003,0.14950733102061103,0.14950733102061103
82,0.9669068052680124,0.0264635683550855,0.006629626376902097,0.021131588537783175,0.8775123937048904,0.10135601775732639,0.7200974539720376,0.13017276157476174,0.8502702155467994,0.15309575614270937,0.7095576699550974,0.13172866068745948,0.8412863306425569,0.1565800559089649,0.1565800559089649
83,0.9646548931737128,0.02798011156538468,0.00736499526090262,0.019618911167660777,0.8720118929187849,0.10836919591355436,0.6990178859381573,0.1332845598001572,0.8323024457383145,0.16013957484159957,0.6879719039815425,0.1345344397615441,0.8225063437430866,0.16356644636842646,0.16356644636842646
84,0.9622466610296646,0.029571297476365454,0.008182041493969837,0.018206964960880992,0.8659629588840734,0.11583007615504552,0.6769259220249277,0.13578431972293104,0.8127102417478588,0.167075930322849,0.665383925304637,0.13669304440496177,0.8020769697095987,0.17042384904088828,0.17042384904088828
85,0.9596709297055542,0.03123930342661046,0.00908976686783533,0.016889244973402072,0.8593481949132104,0.12376256011338761,0.6538419285843463,0.1376017690869925,0.7914436976713388,0.1738617282465671,0.6418195050281211,0.13813758368442525,0.7799570887125464,0.17710920983158845,0.17710920983158845
86,0.956915719768476,0.032986141628719476,0.010098138602804518,0.015659652853828948,0.8521492187456842,0.13219112840048697,0.629797081471896,0.13867339828185796,0.7684704797537539,0.1804537740035167,0.6173156931369077,0.13880920100766925,0.756124894144577,0.183579726157155,0.183579726157155
87,0.9539681989256239,0.034813615281047545,0.011218185793328719,0.01451247397836806,0.8443467883425257,0.14114073767910604,0.6048343048019195,0.1389450037334805,0.7437793085354,0.18680945024819476,0.5919217164766724,0.13865962009411945,0.7305813365707918,0.18979354269431659,0.18979354269431659
88,0.9508146272942525,0.03672326890945682,0.012462103796290603,0.013442355556771767,0.8359209498653237,0.15063669457790457,0.5790091281514254,0.13837423645475838,0.7173833646061838,0.19288743408584694,0.5656997761105073,0.13765363377152193,0.7033534098820292,0.19571048044625255,0.19571048044625255
89,0.9474403007099818,0.038716332473785364,0.013843366816232917,0.012444285714011672,0.8268512106342168,0.16070450365177155,0.5523904240695892,0.13693303108828547,0.6893234551578746,0.19864844299679882,0.5387257036609716,0.13577140246653036,0.674497106127502,0.20129278722341193,0.20129278722341193
90,0.9438294923707942,0.04079365878741255,0.015376848841793373,0.011513573543155983,0.8171167400045584,0.17136968645228567,0.5250609832523542,0.1346097738447752,0.6596707570971294,0.20405599671739788,0.5110894320349615,0.13301041600747432,0.6440998480424358,0.20650589564913402,0.20650589564913402
91,0.9399653932187518,0.0429556538278366,0.017078952953411646,0.010645830117292313,0.8066966012058291,0.18265756867687855,0.4971178808175689,0.13141105817017346,0.6285289389877424,0.2090771800926357,0.48289523246857047,0.12938696787847054,0.612282200347041,0.21131917244227275,0.21131917244227275
92,0.935830051587569,0.0452021995656602,0.01896774884677079,0.00983695044211215,0.7955700172339254,0.19459303232396266,0.468672584119572,0.12736287758676765,0.5960354617063397,0.21368338927712657,0.4542616675044281,0.12493699799088064,0.5791986654953087,0.21570663993854208,0.21570663993854208
93,0.9314043127952545,0.047532569013540284,0.021063118191205293,0.009083096325759281,0.7837166738610223,0.20720022981321842,0.4398507508892842,0.12251111839499362,0.5623618692842778,0.21785104056026142,0.4253212087715764,0.11971618039340717,0.5450373891649836,0.21964764761701316,0.21964764761701316
94,0.9266677595409496,0.049945333300913046,0.02338690715813728,0.008380680138567922,0.77111706270444,0.22050225715699212,0.4107916666538687,0.11692124239182072,0.5277129090456893,0.22156221761423253,0.39621946978199585,0.11379916705051021,0.510018636832506,0.22312746796325938,0.22312746796325938
95,0.9215986541781563,0.05243826072075689,0.025963085101086806,0.00772634943222727,0.7577528670523813,0.23452078351539127,0.38164727291012296,0.11067709170919969,0.49232436461932266,0.22480522936291797,0.3671140079397719,0.107277947234546,0.47439195517431787,0.22613778767628162,0.22613778767628162
96,0.9161738841874666,0.05500820787805093,0.028817907934482526,0.0071169723855769446,0.7436073927516474,0.2492756348627755,0.3525807429694208,0.10387880275989231,0.45645954572931313,0.22757504740955486,0.33817265715805345,0.100259341622699,0.43843199878075245,0.2286770625809999,0.2286770625809999
97,0.9103689124657441,0.05765100330324389,0.031980084231011965,0.006549624042548641,0.728666045888501,0.26478433006895047,0.323764571346686,0.0966398804855057,0.4204044518321917,0.2298735897403874,0.30957136347160163,0.0928617162230988,0.40243307969470044,0.23075070343011286,0.23075070343011286
98,0.9041577343907644,0.060361324185689354,0.035480941423546276,0.0060215733066286345,0.7129168582038395,0.28106156848953184,0.29537815559651726,0.0890835519606919,0.38446170755720915,0.2317098171537304,0.2814915113438666,0.08521106727473961,0.36670257861860617,0.23237106102644697,0.23237106102644697
99,0.8975128440160587,0.0631325672395188,0.0393545887444225,0.005530270655541858,0.6963510601404336,0.2981186692040248,0.2676048670912159,0.08133858258878732,0.34894344968000324,0.23309961159430972,0.2541167484016233,0.07743668653503413,0.33155343493665745,0.233557183775907,0.233557183775907
100,0.8904052122054853,0.0659567151454967,0.04363807264901797,0.005073336539583853,0.678963700084791,0.3159629633756252,0.2406286297120307,0.07353479048128093,0.3141634201933116,0.23406541231322658,0.12031431485601535,0.03676739524064047,0.1570817100966558,0.233557183775907,0.233557183775907
